road,points,toll,geometry
,,mum-pune toll,"POLYGON ((73.83933508830444 18.566107812008156, 73.83946668271932 18.56573357408959, 73.83980073007928 18.565723978234317, 73.83973999419564 18.566040641159958, 73.83943631477754 18.56629972857118, 73.83933508830444 18.566107812008156))"
,,katraj toll,"POLYGON ((73.7877500880708 18.50767911729993, 73.78740269785183 18.50750471648942, 73.78758661032049 18.50721404807581, 73.78800552205544 18.507272181797802, 73.78803617413351 18.507562850112677, 73.7877500880708 18.50767911729993))"
,,satara toll,"POLYGON ((73.85776684599409 18.492273198132224, 73.8577591001692 18.492207085199425, 73.85779782929151 18.49217770166524, 73.85783655841382 18.49222912284651, 73.85780944802784 18.49226768872235, 73.85776684599409 18.492273198132224))"
,,nagar toll,"POLYGON ((73.91955286431701 18.561283400840736, 73.91947283593089 18.56120753521631, 73.91963289270436 18.56115063597443, 73.91973292818787 18.561226501625313, 73.9196478980262 18.561302367241282, 73.91955286431701 18.561283400840736))"
,,solapur toll,"POLYGON ((73.97616703004073 18.495615855197627, 73.97607447778947 18.495543572576807, 73.97615614154009 18.49542482248836, 73.97633580179371 18.49542482248836, 73.97634669029432 18.49557971389042, 73.97616703004073 18.495615855197627))"
,,baner toll,"POLYGON ((73.81007684514785 18.549884409824102, 73.80994667946018 18.549802141007078, 73.81002044001693 18.549686964597413, 73.81016796113053 18.54968285115261, 73.8101939942693 18.549835048538796, 73.81007684514785 18.549884409824102))"
,,shivaji toll,"POLYGON ((73.87483194610064 18.50193231398808, 73.87476011237231 18.501905065643214, 73.87476154904593 18.501856018612315, 73.87486642629054 18.501860105865916, 73.87486802449263 18.50191729672393, 73.87483194610064 18.50193231398808))"
